wildtype,site,mutation,N_samples
E,484,V,23
V,367,K,23
E,484,P,23
E,484,L,23
E,484,I,23
E,484,H,23
E,484,F,23
E,484,C,23
E,484,A,23
N,450,T,23
Y,369,N,23
G,446,N,23
G,496,C,23
K,417,H,23
G,447,E,23
Y,365,L,23
G,476,N,23
E,484,Y,23
V,503,S,23
F,456,T,23
N,439,T,23
F,456,I,23
F,456,G,23
F,456,Q,23
F,456,C,23
F,456,A,23
L,335,G,23
F,456,K,23
C,336,G,23
V,362,T,23
F,456,V,23
N,501,C,23
G,496,L,22
Y,369,E,22
Y,365,A,22
G,496,K,22
Y,449,I,22
T,385,H,22
Y,369,S,22
Y,369,Q,22
H,519,D,22
Y,449,A,22
N,501,R,22
L,390,T,22
N,501,G,22
C,361,P,22
C,391,N,22
N,354,D,22
G,446,I,22
V,503,T,22
L,455,P,22
L,452,S,22
F,456,R,22
F,392,I,22
F,486,V,22
V,362,S,22
F,374,N,22
S,366,L,22
L,452,K,22
N,487,T,22
T,470,E,22
V,503,A,22
G,413,N,22
N,450,S,22
K,386,A,22
L,452,A,22
G,446,V,22
G,447,A,22
D,428,N,22
G,447,K,22
V,483,S,22
K,378,E,22
Y,365,V,22
S,383,E,22
Y,489,Q,22
Y,473,V,22
P,499,D,22
Y,449,P,22
Y,473,L,22
K,417,A,22
N,487,D,22
N,437,P,22
S,443,Q,22
N,487,A,22
K,529,N,22
A,372,S,21
L,452,T,21
Y,369,A,21
G,485,P,21
E,484,W,21
Y,369,T,21
S,443,N,21
K,417,F,21
V,367,E,21
G,485,D,21
L,455,N,21
V,367,A,21
T,385,Q,21
Y,369,V,21
K,386,V,21
Y,453,K,21
D,420,Q,21
E,484,Q,21
S,443,Y,21
L,452,C,21
K,444,G,21
G,446,A,21
G,446,C,21
G,446,F,21
P,384,R,21
V,395,A,21
N,450,P,21
Y,473,H,21
N,448,E,21
N,370,P,21
G,447,L,21
V,367,S,21
Y,473,A,21
V,503,E,21
S,366,D,21
E,484,D,21
K,444,N,21
T,393,L,21
T,385,D,21
F,490,S,21
E,471,C,21
Y,489,V,21
F,486,T,21
Y,449,L,21
F,486,G,21
Y,396,T,21
F,490,I,21
F,490,K,21
Y,449,C,21
F,486,E,21
Y,449,Q,21
K,356,T,21
Y,449,H,21
I,468,N,21
F,486,S,21
A,475,K,21
F,486,P,21
F,456,Y,21
C,361,N,21
K,417,P,20
Y,449,S,20
T,393,K,20
K,529,D,20
F,486,H,20
V,483,T,20
K,417,T,20
S,443,G,20
N,448,H,20
L,455,H,20
K,386,M,20
Y,473,E,20
P,337,T,20
E,406,W,20
Q,506,H,20
S,366,V,20
K,386,C,20
K,386,Q,20
V,445,G,20
Y,473,M,20
G,446,L,20
G,413,K,20
G,446,S,20
Y,449,M,20
G,446,Y,20
N,448,D,20
G,447,C,20
F,486,Q,20
G,447,D,20
A,520,C,20
E,484,M,20
Y,453,F,20
N,448,P,20
Y,489,H,20
Y,449,V,20
T,500,C,20
Y,489,L,20
Y,396,S,20
N,448,Y,20
S,514,V,20
F,490,Q,20
G,526,D,20
P,384,L,20
L,390,S,20
L,390,H,20
F,490,R,20
K,386,S,20
Y,396,C,20
G,485,C,20
G,447,F,20
Y,369,D,20
G,485,S,20
Y,369,G,20
Y,365,C,20
E,484,S,20
E,484,T,20
S,494,R,20
I,472,A,20
S,383,N,20
F,374,D,19
L,455,M,19
L,452,Y,19
V,362,W,19
N,448,K,19
F,486,K,19
E,484,K,19
L,452,R,19
F,486,R,19
N,487,E,19
Y,508,H,19
S,383,D,19
V,367,R,19
F,486,I,19
L,452,G,19
F,490,C,19
F,490,H,19
V,367,G,19
N,394,L,19
L,455,R,19
S,383,L,19
N,448,G,19
P,337,S,19
N,448,Q,19
E,484,N,19
N,450,D,19
G,504,L,19
Y,449,D,19
T,385,A,19
Y,365,I,19
G,485,N,19
G,485,T,19
I,472,G,19
A,372,T,19
Y,369,K,19
G,496,T,19
I,472,D,19
I,472,C,19
Y,369,P,19
G,504,C,19
Y,449,R,19
A,397,C,19
L,518,I,19
R,357,E,19
V,445,C,19
P,384,H,19
I,468,H,19
Y,449,T,19
T,385,S,19
G,526,E,19
P,384,K,19
L,390,A,19
N,460,K,19
K,386,T,19
Y,453,M,19
K,386,G,19
Y,473,C,19
K,386,E,19
K,386,D,19
K,417,Y,19
G,447,V,19
N,448,A,19
K,529,T,19
K,417,S,19
K,417,N,19
S,443,T,19
K,356,S,19
G,446,M,19
S,459,Q,19
V,445,T,19
S,366,M,18
F,486,D,18
F,490,E,18
I,468,C,18
F,490,L,18
K,386,H,18
F,486,W,18
S,375,A,18
S,366,N,18
N,439,S,18
K,378,L,18
K,529,Y,18
I,472,E,18
S,366,I,18
S,459,P,18
F,486,N,18
N,394,P,18
P,384,E,18
F,486,L,18
G,413,R,18
T,385,E,18
N,481,T,18
P,384,N,18
R,346,K,18
K,444,P,18
R,346,H,18
T,470,D,18
G,476,Q,18
G,476,K,18
T,430,Y,18
G,447,R,18
G,447,Q,18
G,447,H,18
G,446,W,18
L,452,E,18
L,452,D,18
G,413,Y,18
P,384,M,18
S,383,V,18
S,383,T,18
G,504,T,18
T,385,N,18
S,366,F,18
T,385,Y,18
K,417,E,18
S,366,E,18
L,452,Q,18
N,501,L,18
G,485,E,18
N,448,T,18
G,496,V,18
K,417,G,18
N,448,R,18
G,496,H,18
G,485,K,18
K,386,N,18
F,490,V,18
Y,365,G,18
V,362,C,18
Y,453,H,18
V,367,Q,18
L,455,E,18
F,392,C,18
Y,453,A,18
N,460,M,18
Y,451,L,18
N,460,Y,18
N,388,D,18
Q,506,E,18
P,384,S,18
Y,365,W,18
Y,449,K,18
P,384,V,18
L,455,G,18
P,499,E,18
Y,453,R,18
V,367,N,18
A,363,G,18
Y,505,N,18
V,483,E,18
C,391,D,18
P,499,G,18
Y,473,T,18
Y,473,S,18
Y,473,Q,18
F,456,L,18
F,456,H,18
V,341,L,18
E,484,R,18
L,455,A,18
E,484,G,18
T,393,D,17
Y,369,M,17
L,390,Y,17
G,496,Y,17
T,393,G,17
N,460,Q,17
C,525,S,17
C,391,H,17
G,496,S,17
T,393,I,17
G,447,N,17
G,476,E,17
N,460,G,17
Q,498,C,17
N,487,S,17
D,420,N,17
G,482,S,17
G,496,R,17
N,460,R,17
Y,365,M,17
G,485,Q,17
Y,369,C,17
G,496,E,17
G,496,I,17
G,526,L,17
I,468,T,17
H,519,C,17
P,499,C,17
A,475,V,17
S,459,E,17
A,475,N,17
Y,449,N,17
N,487,K,17
A,475,D,17
K,417,I,17
N,394,A,17
N,360,D,17
S,443,V,17
P,384,A,17
P,521,N,17
S,383,I,17
Y,505,H,17
K,378,A,17
Y,449,G,17
C,391,E,17
P,384,I,17
Y,396,I,17
R,357,V,17
I,332,C,17
T,376,N,17
Q,493,R,17
S,514,Y,17
A,522,E,17
I,472,S,17
Y,449,E,17
Q,493,K,17
I,472,F,17
I,472,H,17
S,349,N,17
I,472,Q,17
P,384,T,17
K,528,G,17
N,448,V,17
F,338,I,17
F,456,W,17
N,450,I,17
N,448,S,17
N,450,V,17
F,490,G,17
G,446,K,17
F,392,V,17
F,377,I,17
V,367,F,17
F,490,A,17
F,486,C,17
F,486,Y,17
L,455,T,17
G,446,H,17
G,413,M,17
L,455,C,17
F,486,A,17
T,470,N,17
L,455,W,17
F,490,M,17
A,475,Y,16
K,378,N,16
L,452,V,16
V,367,W,16
P,479,K,16
F,377,W,16
F,490,D,16
L,518,P,16
Q,414,G,16
F,392,A,16
Y,369,R,16
K,417,L,16
R,408,E,16
Y,453,S,16
G,496,Q,16
F,490,N,16
T,385,K,16
N,487,R,16
S,530,Q,16
Y,421,F,16
S,514,F,16
S,514,H,16
G,446,Q,16
T,531,D,16
L,387,I,16
V,367,D,16
Y,396,V,16
S,494,I,16
A,522,D,16
S,530,C,16
L,452,M,16
S,494,D,16
G,526,V,16
L,452,N,16
N,501,P,16
P,384,W,16
F,338,L,16
F,374,A,16
I,472,K,16
I,472,N,16
F,374,Q,16
V,367,M,16
R,357,P,16
R,357,N,16
Y,473,I,16
Y,369,I,16
N,501,V,16
G,482,P,16
G,447,P,16
Q,498,K,16
N,394,V,16
G,482,L,16
L,452,W,16
G,447,I,16
V,483,G,16
R,346,L,16
G,447,M,16
V,483,K,16
V,445,W,16
F,464,S,16
S,383,H,16
S,373,L,16
Q,498,G,16
G,447,Y,16
N,460,E,16
N,448,C,16
G,476,D,16
G,485,A,16
N,460,D,16
V,445,S,16
K,529,G,16
K,528,D,16
P,499,Q,16
L,455,Y,16
G,496,D,16
Y,369,F,16
G,496,A,16
N,354,V,16
N,450,R,16
L,518,H,16
Y,365,P,16
Y,473,N,16
P,499,S,16
P,384,Q,16
P,499,Y,15
L,518,V,15
K,462,R,15
Y,508,N,15
Q,493,E,15
K,528,M,15
K,458,S,15
Y,505,Q,15
S,494,M,15
K,528,V,15
N,481,P,15
P,384,G,15
R,408,P,15
T,531,E,15
F,486,M,15
S,477,Q,15
S,383,C,15
L,335,D,15
F,392,T,15
N,487,G,15
K,417,V,15
K,444,D,15
K,417,D,15
A,363,L,15
A,397,V,15
V,362,A,15
P,337,C,15
S,443,A,15
A,475,I,15
A,475,R,15
V,362,G,15
N,439,K,15
A,363,C,15
N,439,L,15
N,487,M,15
N,450,C,15
N,439,Q,15
S,383,Q,15
S,383,P,15
K,529,C,15
F,490,P,15
P,337,E,15
I,472,Y,15
K,458,I,15
Y,489,I,15
I,472,W,15
A,520,M,15
N,501,A,15
G,446,P,15
E,516,D,15
G,482,T,15
T,376,Y,15
T,385,C,15
L,455,S,15
N,460,T,15
Q,498,E,15
F,464,G,15
G,476,S,15
G,476,T,15
V,445,F,15
N,460,H,15
C,391,Q,15
V,445,D,15
G,381,N,15
R,403,A,15
R,357,A,15
G,496,F,15
G,413,H,15
T,393,C,15
Y,369,L,15
G,496,M,15
R,357,K,15
R,357,D,15
C,391,V,15
L,452,F,15
G,504,H,15
T,393,E,15
G,447,T,15
C,525,N,15
L,390,E,15
L,518,T,15
E,340,G,15
N,450,W,15
I,332,N,15
R,408,A,15
L,390,D,15
G,447,S,15
S,530,E,15
S,514,C,15
V,445,M,15
K,528,A,14
Y,369,H,14
K,444,A,14
S,366,T,14
D,428,K,14
G,413,L,14
V,445,N,14
F,464,Q,14
K,529,M,14
F,392,P,14
R,346,V,14
K,417,Q,14
N,450,Q,14
G,446,R,14
V,382,C,14
F,392,L,14
N,394,G,14
A,372,R,14
Y,365,T,14
G,485,H,14
G,413,Q,14
Y,473,W,14
A,352,D,14
K,458,P,14
S,373,N,14
V,445,K,14
Y,489,M,14
S,373,M,14
D,427,L,14
V,483,M,14
G,504,D,14
N,370,Q,14
T,531,Q,14
V,483,D,14
N,440,T,14
N,460,A,14
G,446,E,14
S,371,R,14
K,444,S,14
G,446,D,14
S,371,P,14
Q,498,R,14
G,482,Y,14
S,373,R,14
S,494,V,14
G,504,I,14
P,499,A,14
T,470,C,14
P,384,Y,14
K,356,R,14
L,518,N,14
L,518,K,14
L,452,H,14
G,526,N,14
T,385,M,14
N,439,V,14
T,385,F,14
C,391,A,14
N,450,H,14
S,349,P,14
N,388,E,14
A,520,P,14
L,390,F,14
N,450,K,14
I,468,S,14
R,408,W,14
A,522,T,14
S,494,G,14
A,522,S,14
I,332,Y,14
I,358,L,14
S,494,K,14
I,358,V,14
G,339,E,14
N,501,S,14
K,356,V,14
C,391,M,14
L,518,M,14
K,378,V,14
S,494,W,14
N,487,H,14
S,359,P,14
A,475,E,14
K,386,L,14
G,504,M,14
V,367,T,14
G,504,Q,14
K,378,D,14
N,370,D,14
F,377,V,14
N,440,E,14
N,394,C,14
G,504,V,14
K,378,M,14
A,475,Q,14
A,475,S,14
S,359,T,13
R,408,C,13
L,455,V,13
S,366,H,13
P,479,R,13
R,408,G,13
Q,498,A,13
N,370,S,13
L,335,S,13
N,370,K,13
N,360,S,13
L,455,F,13
P,527,T,13
S,366,G,13
K,529,S,13
L,518,F,13
K,528,S,13
S,359,I,13
R,466,Q,13
L,390,V,13
P,507,A,13
R,403,S,13
P,527,I,13
N,388,G,13
P,499,H,13
Q,493,S,13
H,519,Q,13
T,500,P,13
N,460,V,13
G,504,N,13
T,385,G,13
I,332,D,13
I,332,E,13
D,420,M,13
S,530,T,13
C,391,W,13
I,358,M,13
N,450,G,13
N,460,P,13
N,501,W,13
S,494,P,13
C,391,K,13
I,468,D,13
A,522,V,13
G,504,K,13
G,504,E,13
V,445,L,13
F,490,Y,13
V,362,N,13
F,374,T,13
V,341,I,13
T,531,S,13
F,464,N,13
V,362,Y,13
G,339,A,13
E,406,Q,13
S,366,P,13
T,478,Q,13
G,404,K,13
E,471,P,13
G,446,T,13
N,440,S,13
I,468,Q,13
I,358,Y,13
A,352,R,13
A,363,P,13
A,363,Q,13
S,383,K,13
A,475,C,13
A,372,G,13
K,378,R,13
K,378,Q,13
P,337,A,13
A,475,G,13
K,417,M,13
N,439,Y,13
N,394,I,13
A,363,W,13
A,520,N,13
I,472,M,13
S,366,W,13
A,372,K,13
V,395,M,12
V,445,A,12
E,465,H,12
E,471,G,12
V,382,T,12
N,334,G,12
V,367,Y,12
Y,449,F,12
V,367,L,12
V,367,I,12
F,342,L,12
A,352,E,12
Y,505,M,12
A,348,K,12
P,499,V,12
F,374,L,12
P,499,T,12
A,348,D,12
Y,508,T,12
V,445,H,12
V,445,R,12
V,445,P,12
Q,498,L,12
N,487,Q,12
A,520,Y,12
Q,493,G,12
Y,396,M,12
L,518,Q,12
A,520,E,12
A,520,D,12
C,391,P,12
N,370,G,12
C,391,Y,12
D,420,E,12
Q,493,T,12
Q,414,T,12
D,427,A,12
Y,351,W,12
Y,451,I,12
A,397,I,12
W,353,F,12
L,517,N,12
V,483,A,12
Q,498,I,12
L,517,H,12
A,520,S,12
Y,451,M,12
Y,453,V,12
F,377,M,12
K,528,E,12
T,393,N,12
L,390,G,12
K,528,T,12
N,501,Q,12
S,530,A,12
I,358,C,12
S,514,Q,12
F,392,W,12
R,408,L,12
I,468,E,12
N,501,Y,12
P,337,N,12
R,408,V,12
P,337,L,12
R,466,K,12
I,468,Y,12
I,472,L,12
I,472,P,12
L,335,E,12
I,472,T,12
N,439,M,12
P,337,G,12
S,459,H,12
K,378,S,12
S,459,C,12
K,444,M,12
K,529,Q,12
S,443,C,12
K,417,R,12
K,529,L,12
S,359,V,12
K,444,H,12
N,440,P,12
T,376,K,12
L,390,M,12
F,456,M,12
F,464,A,12
F,490,T,12
T,531,N,12
G,339,T,12
T,415,H,12
T,415,E,12
G,413,F,12
T,415,D,12
G,482,A,12
K,462,N,12
N,354,H,12
G,482,N,12
R,346,Q,12
R,346,T,12
G,485,M,12
R,346,W,12
G,485,R,12
G,496,N,12
G,504,S,12
T,393,A,12
K,528,Q,12
G,526,P,12
H,519,N,12
N,501,M,12
S,373,D,12
N,394,D,12
N,481,I,11
N,394,H,11
P,337,Q,11
P,499,M,11
N,450,F,11
P,337,D,11
N,481,G,11
N,487,L,11
P,384,F,11
N,440,A,11
N,440,C,11
N,460,L,11
N,440,L,11
N,460,F,11
N,460,C,11
N,450,Y,11
N,501,H,11
N,450,M,11
N,388,P,11
A,344,E,11
P,499,R,11
T,415,N,11
V,362,E,11
V,362,D,11
F,464,M,11
F,464,Y,11
T,531,G,11
G,339,D,11
T,500,W,11
G,339,L,11
G,339,M,11
T,478,P,11
T,470,G,11
T,430,C,11
G,381,R,11
T,415,S,11
T,393,R,11
K,356,L,11
G,476,R,11
G,482,C,11
T,393,Q,11
G,482,Q,11
G,504,A,11
I,332,A,11
T,376,C,11
S,530,D,11
N,354,A,11
S,494,Y,11
S,494,T,11
S,494,N,11
I,468,L,11
S,494,H,11
F,347,W,11
V,367,C,11
E,516,P,11
V,382,L,11
Y,508,V,11
A,344,S,11
A,363,H,11
A,363,I,11
A,372,D,11
Y,449,W,11
A,475,F,11
A,475,M,11
A,520,G,11
A,520,T,11
Y,421,L,11
Y,396,N,11
Y,369,W,11
C,391,I,11
C,391,L,11
C,391,R,11
C,391,S,11
C,391,T,11
Y,365,F,11
D,420,A,11
D,420,R,11
D,420,S,11
D,427,K,11
V,483,R,11
D,427,S,11
V,445,Y,11
V,445,Q,11
E,465,D,11
V,401,I,11
S,469,Q,11
N,481,V,11
L,387,M,11
Q,414,E,11
Q,414,V,11
K,462,Q,11
K,528,L,11
Q,474,N,11
S,359,N,11
S,359,D,11
Q,493,A,11
Q,493,H,11
Q,493,I,11
L,335,V,11
Q,493,Y,11
S,459,V,11
R,403,T,11
R,346,S,11
L,517,E,11
L,441,R,11
L,452,I,11
L,492,I,11
Q,498,Y,11
Q,414,K,11
S,366,K,11
Q,409,E,11
S,399,T,11
N,334,S,11
K,356,Q,11
N,334,M,11
K,378,I,11
S,459,D,11
K,386,Y,11
K,417,C,11
K,444,C,11
Q,498,W,11
N,334,F,11
S,373,P,11
S,383,Y,11
S,375,H,11
V,524,A,10
V,483,N,10
P,521,C,10
Q,498,N,10
Y,505,F,10
V,483,H,10
Q,474,D,10
Q,474,P,10
P,527,L,10
Q,474,G,10
Q,498,H,10
Q,498,D,10
P,479,E,10
P,527,N,10
Y,451,H,10
P,527,E,10
N,487,F,10
S,469,G,10
V,445,E,10
S,371,L,10
S,477,R,10
S,494,A,10
S,494,F,10
S,459,N,10
S,514,T,10
T,376,F,10
T,376,I,10
P,337,H,10
S,375,T,10
S,373,K,10
S,373,E,10
T,393,V,10
S,371,N,10
T,430,F,10
R,346,D,10
T,470,Q,10
S,366,A,10
S,359,Y,10
S,359,F,10
R,466,H,10
R,408,T,10
R,408,S,10
R,408,H,10
V,362,F,10
V,362,I,10
V,367,H,10
V,382,F,10
V,407,I,10
S,514,R,10
Y,508,W,10
L,517,I,10
I,332,S,10
K,528,N,10
A,475,T,10
K,462,Y,10
A,435,T,10
N,388,R,10
K,462,S,10
I,332,V,10
N,370,T,10
I,358,W,10
I,402,L,10
I,434,V,10
I,468,A,10
I,468,G,10
A,363,V,10
K,528,P,10
A,520,L,10
I,468,P,10
G,482,R,10
L,390,Q,10
G,381,Q,10
G,381,K,10
D,389,E,10
D,389,A,10
C,391,F,10
G,504,P,10
I,332,K,10
G,526,A,10
N,334,T,10
N,370,E,10
N,334,Q,10
D,427,P,10
K,529,E,10
F,392,S,10
L,390,N,10
N,439,D,10
F,374,I,10
K,444,Y,10
A,348,N,10
F,342,I,10
E,465,Q,10
N,334,D,10
K,444,V,10
F,392,N,10
N,450,E,10
N,450,A,10
K,458,G,10
K,378,T,10
A,352,G,10
N,440,R,10
K,462,C,10
K,444,L,10
F,392,H,10
N,334,I,10
A,344,N,10
A,344,Q,10
A,344,R,10
N,481,A,10
F,374,V,10
E,471,T,10
K,356,M,10
E,516,T,9
T,478,A,9
T,430,S,9
R,346,M,9
E,516,K,9
L,461,I,9
L,441,W,9
Q,474,K,9
Q,506,A,9
G,339,K,9
L,492,F,9
L,513,I,9
K,444,F,9
L,517,Q,9
F,374,M,9
L,517,T,9
F,490,W,9
V,362,R,9
Q,493,W,9
G,404,A,9
V,362,Q,9
F,464,H,9
Q,493,D,9
Q,493,V,9
T,376,H,9
T,415,G,9
S,514,I,9
I,468,K,9
S,373,A,9
S,477,V,9
K,356,A,9
S,477,N,9
S,373,G,9
S,373,Q,9
S,469,A,9
K,378,C,9
S,459,K,9
K,386,I,9
K,458,E,9
S,383,M,9
S,383,R,9
K,444,W,9
K,444,T,9
K,444,Q,9
I,418,V,9
S,514,K,9
G,413,S,9
I,332,R,9
T,393,Y,9
T,393,S,9
R,408,F,9
L,368,F,9
R,408,K,9
L,335,Q,9
L,335,P,9
T,385,P,9
H,519,I,9
H,519,P,9
H,519,T,9
I,332,G,9
V,395,I,9
K,528,Y,9
S,530,N,9
K,462,V,9
K,462,M,9
Q,414,I,9
N,388,Q,9
E,471,D,9
V,483,Q,9
V,483,W,9
D,427,M,9
N,354,T,9
D,427,E,9
D,420,K,9
D,405,E,9
A,522,Y,9
A,522,H,9
A,522,C,9
A,520,I,9
N,388,L,9
A,419,P,9
Y,451,F,9
P,337,R,9
N,394,W,9
A,363,S,9
N,440,F,9
N,501,T,9
A,352,S,9
Y,489,F,9
A,348,P,9
N,460,S,9
N,481,C,9
A,348,G,9
Y,508,A,9
N,481,K,9
N,481,L,9
P,521,G,9
C,525,L,9
K,444,I,9
N,334,E,9
V,407,L,9
Q,474,T,8
V,362,M,8
A,520,V,8
N,370,L,8
N,370,M,8
T,376,D,8
N,388,K,8
S,530,G,8
S,359,W,8
K,462,T,8
A,435,S,8
S,371,C,8
A,397,L,8
A,372,Q,8
V,362,L,8
K,529,P,8
P,337,M,8
T,385,R,8
L,335,T,8
V,395,G,8
C,391,G,8
Y,380,W,8
G,504,Y,8
D,428,S,8
L,335,C,8
A,522,W,8
G,526,R,8
L,335,A,8
Y,396,L,8
S,359,H,8
G,526,S,8
L,518,S,8
S,514,G,8
A,372,P,8
G,482,D,8
S,459,A,8
S,459,G,8
K,458,L,8
Y,489,W,8
N,450,L,8
F,338,Y,8
K,458,D,8
P,527,Y,8
A,372,E,8
A,348,E,8
K,417,W,8
S,438,A,8
K,444,E,8
V,382,I,8
V,382,Y,8
N,501,I,8
S,459,L,8
S,375,K,8
K,356,N,8
S,375,D,8
K,458,T,8
E,465,G,8
F,342,M,8
S,469,N,8
S,477,D,8
N,440,H,8
S,477,L,8
F,374,H,8
E,340,Q,8
N,440,D,8
S,477,W,8
V,445,I,8
N,360,R,8
Q,493,N,8
T,430,A,8
R,357,M,8
T,500,D,8
F,392,Y,8
P,499,L,8
R,357,I,8
R,357,H,8
L,517,K,8
T,430,N,8
P,499,N,8
Q,506,N,8
N,334,L,8
G,339,H,8
G,339,V,8
T,470,K,8
R,346,I,8
T,470,R,8
L,492,V,8
V,524,G,8
V,483,C,8
T,500,K,8
R,346,N,8
V,483,F,8
T,523,Y,8
D,427,H,8
T,531,C,8
L,390,C,8
L,518,Y,8
D,427,V,8
P,479,Y,8
L,455,I,8
D,427,T,8
N,334,K,8
R,346,E,8
G,476,H,8
R,346,F,8
L,390,K,8
N,360,E,8
R,357,W,8
F,429,W,8
P,527,H,8
R,357,T,8
T,415,R,8
R,357,Q,8
Y,351,H,8
G,381,S,8
N,360,Q,8
S,477,G,7
A,352,Y,7
S,469,C,7
S,469,D,7
K,356,I,7
T,478,Y,7
S,469,K,7
V,483,Y,7
V,362,K,7
A,348,S,7
T,500,G,7
T,500,Y,7
D,428,A,7
D,427,W,7
F,515,L,7
E,471,Y,7
V,433,I,7
T,531,A,7
A,348,Y,7
S,459,T,7
S,459,F,7
K,378,H,7
T,500,Q,7
D,427,Q,7
A,352,M,7
K,356,Y,7
S,477,H,7
T,478,C,7
T,478,W,7
T,385,I,7
I,332,L,7
A,520,F,7
F,374,W,7
T,430,K,7
Y,351,F,7
T,376,L,7
A,522,M,7
A,522,R,7
T,385,W,7
G,381,H,7
F,377,L,7
Y,396,H,7
G,504,F,7
G,496,W,7
V,362,H,7
G,482,K,7
T,393,M,7
G,482,F,7
S,530,V,7
A,475,L,7
A,363,F,7
D,405,A,7
T,478,S,7
I,468,V,7
A,363,T,7
E,340,N,7
Y,473,F,7
G,339,P,7
V,503,H,7
T,478,M,7
A,372,W,7
S,530,M,7
S,514,M,7
I,402,C,7
Y,451,Q,7
I,332,T,7
E,340,K,7
A,411,Q,7
D,428,T,7
G,339,R,7
T,385,L,7
N,481,S,7
Q,493,M,7
P,479,G,7
N,388,S,7
N,388,H,7
R,403,K,7
L,390,I,7
S,373,C,7
L,518,R,7
S,371,Y,7
N,370,R,7
N,370,H,7
P,463,A,7
N,331,D,7
Q,474,V,7
L,335,K,7
Q,474,R,7
K,462,I,7
K,462,A,7
K,462,L,7
S,359,E,7
S,359,G,7
S,371,H,7
S,371,G,7
P,479,S,7
Q,414,M,7
S,359,Q,7
P,479,V,7
N,354,R,7
K,529,I,7
P,527,R,7
K,528,C,7
P,527,K,7
Q,498,F,7
P,527,A,7
L,517,M,7
L,441,Q,7
N,501,F,7
N,440,Y,7
N,440,V,7
R,346,A,7
K,458,H,7
N,440,K,7
R,357,C,7
N,481,E,7
Q,498,V,7
Q,498,T,7
N,481,Q,7
L,390,R,7
L,513,M,7
P,337,K,7
K,458,Y,7
N,394,Q,7
D,428,R,6
T,470,I,6
P,527,C,6
L,441,V,6
E,471,F,6
T,478,G,6
D,428,E,6
E,471,A,6
Q,414,A,6
P,527,V,6
D,428,P,6
T,345,E,6
E,406,D,6
E,340,T,6
T,345,A,6
D,428,Q,6
L,441,S,6
K,529,V,6
I,332,H,6
K,529,F,6
P,527,Q,6
K,528,I,6
R,346,G,6
F,338,M,6
E,516,N,6
T,500,H,6
L,517,R,6
L,517,V,6
T,500,S,6
T,531,H,6
F,464,L,6
G,476,A,6
G,339,I,6
L,390,W,6
T,500,L,6
L,368,M,6
P,521,T,6
L,518,W,6
T,470,A,6
G,482,H,6
Q,493,C,6
T,430,Q,6
L,335,I,6
L,461,M,6
Q,474,H,6
Q,474,E,6
T,430,V,6
F,338,W,6
R,357,Y,6
E,516,R,6
S,438,T,6
P,521,S,6
G,339,Q,6
P,479,Q,6
S,514,N,6
P,479,M,6
Y,396,F,6
P,479,I,6
P,479,F,6
P,479,C,6
A,522,K,6
I,468,M,6
S,371,W,6
I,472,V,6
K,462,F,6
N,370,Y,6
K,356,E,6
N,388,M,6
A,344,K,6
N,394,E,6
A,411,G,6
K,458,V,6
S,469,E,6
N,440,G,6
S,459,Y,6
N,440,I,6
S,375,E,6
N,487,Y,6
K,458,N,6
A,348,Q,6
Y,508,M,6
P,479,N,6
L,441,I,6
V,503,I,6
S,366,Q,6
V,503,K,6
I,332,M,6
D,427,I,6
D,405,R,6
D,427,G,6
D,427,R,6
S,530,I,6
N,360,M,6
S,530,P,6
N,360,K,6
T,500,E,5
V,503,N,5
D,389,F,5
N,334,Y,5
N,394,S,5
T,500,M,5
N,334,H,5
A,372,F,5
A,411,E,5
N,394,Y,5
N,440,M,5
L,461,V,5
A,352,Q,5
N,440,Q,5
R,346,C,5
A,352,K,5
G,339,N,5
D,427,N,5
D,428,H,5
T,478,H,5
T,478,E,5
N,460,I,5
T,478,D,5
P,521,R,5
N,481,Y,5
P,527,M,5
E,340,M,5
T,523,I,5
D,427,Y,5
E,471,Q,5
E,471,R,5
V,367,P,5
D,389,Q,5
C,525,I,5
Q,414,C,5
N,370,A,5
N,334,C,5
P,479,H,5
Q,474,S,5
A,522,P,5
Y,396,W,5
V,524,I,5
F,392,M,5
N,388,V,5
Y,421,M,5
P,479,A,5
Q,493,L,5
E,340,S,5
P,527,S,5
A,520,K,5
F,464,W,5
N,388,A,5
V,512,I,5
V,503,W,5
K,424,R,5
D,389,N,5
N,388,T,5
A,522,I,5
I,358,F,5
S,371,Q,5
T,415,Q,5
S,371,V,5
S,371,D,5
T,430,H,5
L,335,H,5
K,528,R,5
R,357,L,5
S,373,H,5
S,530,H,5
T,415,V,5
R,357,S,5
S,530,K,5
I,332,F,5
T,345,S,5
T,415,I,5
L,335,M,5
G,413,C,5
T,393,H,5
K,462,D,5
S,375,Q,5
R,403,M,5
K,458,Q,5
S,469,R,5
L,425,M,5
S,383,A,5
K,529,W,5
G,339,Y,5
K,462,H,5
S,514,A,5
L,441,F,5
G,526,W,5
S,371,T,5
T,470,L,5
H,519,L,5
L,441,A,5
K,444,R,5
T,470,H,5
S,514,L,5
I,434,F,5
H,519,S,5
T,430,W,5
H,519,V,5
S,373,Y,5
S,359,A,5
K,458,W,4
A,372,H,4
T,333,S,4
K,356,H,4
A,372,I,4
T,376,M,4
Q,414,R,4
N,394,T,4
N,439,H,4
E,340,D,4
K,529,R,4
E,340,L,4
N,334,A,4
T,333,K,4
T,376,V,4
K,529,H,4
K,528,H,4
A,372,M,4
A,372,N,4
I,434,L,4
I,410,V,4
I,402,V,4
S,371,M,4
S,371,K,4
Y,421,W,4
S,371,I,4
N,481,R,4
I,332,W,4
D,389,C,4
D,389,G,4
D,389,K,4
D,389,L,4
K,462,E,4
S,371,A,4
D,405,K,4
I,332,Q,4
S,477,I,4
S,373,I,4
V,503,Y,4
N,354,G,4
S,359,K,4
V,503,Q,4
S,477,C,4
V,503,L,4
S,469,T,4
N,334,V,4
V,503,C,4
N,394,M,4
E,471,M,4
L,517,S,4
H,519,R,4
Q,498,S,4
R,346,Y,4
T,478,V,4
L,425,V,4
G,504,R,4
T,430,L,4
T,430,I,4
L,335,N,4
L,335,R,4
T,500,N,4
S,459,M,4
N,481,D,4
T,500,V,4
L,517,Y,4
Y,508,F,4
A,348,H,4
T,531,K,4
T,531,I,4
Y,505,W,4
N,331,M,4
N,331,F,4
G,339,S,4
G,339,W,4
Q,474,A,4
S,459,R,4
T,478,L,4
E,516,S,4
S,375,G,4
T,478,F,4
S,359,C,4
C,525,A,3
T,415,Y,3
S,477,P,3
K,458,A,3
D,405,S,3
S,530,F,3
S,373,F,3
N,354,K,3
P,479,D,3
D,427,F,3
T,470,F,3
T,470,M,3
K,424,H,3
N,481,F,3
A,522,L,3
I,434,Y,3
L,425,I,3
I,468,R,3
A,520,H,3
T,430,M,3
C,525,F,3
K,462,G,3
A,522,G,3
T,500,A,3
S,514,W,3
S,371,F,3
T,430,R,3
T,531,F,3
C,361,E,3
S,477,T,3
N,481,M,3
D,389,M,3
T,500,I,3
T,478,K,3
T,478,I,3
D,389,R,3
A,520,R,3
T,478,R,3
A,411,S,3
E,471,S,3
G,413,A,3
P,527,G,3
S,373,V,3
T,345,P,3
T,345,R,3
G,504,W,3
N,331,G,3
Q,474,M,3
K,528,W,3
E,340,P,3
A,363,M,3
K,458,R,3
H,519,Y,3
S,359,R,3
I,434,W,3
A,352,N,3
V,395,L,3
S,373,W,3
N,331,T,3
E,471,H,3
E,516,H,3
E,471,I,3
E,471,K,3
Q,414,S,3
E,471,N,3
S,373,T,3
N,331,E,3
N,394,R,3
K,458,M,3
K,386,R,3
H,519,F,3
N,394,F,3
V,503,F,3
T,531,P,3
N,394,K,3
T,415,A,3
A,372,V,3
D,428,G,3
T,470,S,3
S,477,A,3
L,368,V,3
L,368,I,3
A,372,L,3
L,335,W,3
T,333,P,3
V,483,I,3
P,527,F,3
Q,493,F,3
S,375,N,2
K,458,F,2
A,352,H,2
A,372,Y,2
N,481,H,2
A,419,S,2
A,411,R,2
L,441,H,2
T,333,Q,2
V,503,D,2
N,334,P,2
T,333,G,2
T,333,H,2
V,483,L,2
Y,380,F,2
T,333,W,2
T,345,D,2
T,345,K,2
E,340,A,2
T,376,S,2
E,471,L,2
N,331,Q,2
T,385,V,2
N,331,A,2
L,335,Y,2
L,518,A,2
T,531,Y,2
T,531,M,2
F,515,M,2
T,415,M,2
Q,498,M,2
T,478,N,2
T,470,Y,2
T,333,F,2
P,521,H,2
V,503,G,2
S,530,L,2
P,479,L,2
D,389,Y,2
S,371,E,2
V,503,M,2
S,530,W,2
D,389,W,2
V,503,R,2
S,530,R,2
V,510,I,2
P,479,T,1
S,459,I,1
S,477,Y,1
T,531,W,1
D,389,T,1
D,389,S,1
T,531,L,1
N,331,K,1
G,339,F,1
T,415,K,1
D,389,H,1
T,500,F,1
C,525,R,1
F,374,Y,1
D,405,N,1
L,335,F,1
N,331,P,1
T,333,E,1
P,521,F,1
T,333,C,1
S,530,Y,1
T,333,M,1
T,333,V,1
T,333,Y,1
A,363,Y,1
I,332,P,1
N,331,V,1
N,354,S,1
E,471,V,1
N,331,S,1
S,366,R,1
N,334,R,1
I,434,M,1
